Sample Rate,SNR (mean),SNR (std),Base SNR (mean),Base SNR (std),LSD (mean),LSD (std),Base LSD (mean),Base LSD (std),LSD HF (mean),LSD HF (std),Base LSD HF (mean),Base LSD HF (std),LSD LF (mean),LSD LF (std),Base LSD LF (mean),Base LSD LF (std),RTF (mean),RTF (std),RTF Reciprocal (mean),RTF Reciprocal (std)
8000,15.418621529685755,0.0,18.401851654052734,0.0,1.269232073784094,0.0,1.6273218393325806,0.0,1.3752281231578767,0.0,1.765515923500061,0.0,0.4019754506222969,0.0,0.4248200058937073,0.0,34.203383127848305,0.9781960439217366,0.02925309228400389,0.0008506349806548815
12000,17.891741627290543,0.0,21.67544937133789,0.0,1.170946035803712,0.0,1.3962510824203491,0.0,1.3343819401250205,0.0,1.595619559288025,0.0,0.3296021768498148,0.0,0.32269078493118286,0.0,51.22380828857422,0.5687560117020134,0.01952377085884412,0.00021600296677919925
16000,20.40223724996598,0.0,24.221920013427734,0.0,1.051810319665341,0.0,1.2258405685424805,0.0,1.2640977145372578,0.0,1.477018117904663,0.0,0.3117655437564928,0.0,0.31484177708625793,0.0,74.05471547444661,1.4290346680453816,0.013506894620756308,0.00026163455945489583
24000,25.35354669014579,0.0,28.77437973022461,0.0,0.8260824290713522,0.0,0.9167465567588806,0.0,1.1184019400004481,0.0,1.2473580837249756,0.0,0.30698390832043465,0.0,0.30311986804008484,0.0,109.19421132405598,11.339224935228852,0.009221352326373259,0.0009158493063005456
16000,22.95117918213174,0.0,29.289249420166016,0.0,0.9264537452410032,0.0,0.647045373916626,0.0,1.1143683020872373,0.0,0.758320152759552,0.0,0.2579027951842775,0.0,0.2592294216156006,0.0,0.005519330346335967,0.0018593245074862625,193.4350128173828,54.5635795998