Sample Rate,SNR (mean),SNR (std),Base SNR (mean),Base SNR (std),LSD (mean),LSD (std),Base LSD (mean),Base LSD (std),LSD HF (mean),LSD HF (std),Base LSD HF (mean),Base LSD HF (std),LSD LF (mean),LSD LF (std),Base LSD LF (mean),Base LSD LF (std),RTF (mean),RTF (std),RTF Reciprocal (mean),RTF Reciprocal (std)
2000,-1.7100141256640726,0.0,9.671684265136719,0.0,1.85536130236438,0.0,2.429980754852295,0.0,1.9722409677166781,0.0,2.587069511413574,0.0,0.45901135705666035,0.0,0.44065743684768677,0.0,21.957706451416016,3.0029688336898706,0.04607555642724037,0.00585189997628574
4000,7.295882947244228,0.0,14.806757926940918,0.0,1.5038978306116322,0.0,1.9501500129699707,0.0,1.7145133868583344,0.0,2.2297911643981934,0.0,0.42040957359121756,0.0,0.4303153157234192,0.0,41.620829264322914,0.12816004783106674,0.024026583259304363,7.40613926882387e-05
8000,11.190379896309768,0.0,20.77839469909668,0.0,1.3714855224837328,0.0,1.1186022758483887,0.0,1.8864930222045655,0.0,1.5046659708023071,0.0,0.3836706779348892,0.0,0.3797636330127716,0.0,85.66069793701172,0.7625750790426262,0.011674580785135428,0.00010372134176734947
12000,-0.3239580792951383,0.0,26.617645263671875,0.0,1.212267789523125,0.0,0.589159369468689,0.0,2.3571641672786434,0.0,1.043485164642334,0.0,0.2651931362017781,0.0,0.2617134153842926,0.0,132.81521606445312,4.6104931172549515,0.00753526979436477,0.00025983511265246443
